,Index,Original_Text,Processed_Text,Predicted,Labels
0,0,给我带点吃的,带点 吃,1.0,0.0
1,4,她同学是男是女,同学 男 女,0.0,1.0
2,5,开车,开车,1.0,0.0
3,13,那你还真好养啊~只吃一餐吃饱了就可以过一天了~还在看书吗,还真好 养 吃 一餐 吃饱 一天 看书,0.0,1.0
4,17,请你吃饭犒劳一哈,请 吃饭 犒劳 一哈,1.0,0.0
5,18,回,回,1.0,0.0
6,20,小事,小事,1.0,0.0
7,22,帮我打稿子吧,帮 稿子,1.0,0.0
8,24,我真没咋的你做你的事,真 没 做 事,1.0,0.0
9,27,晕我都存你号了你还发个哈哈～,晕 存 号 发个,1.0,0.0
10,31,好滴我一会过去,好滴 一会 过去,1.0,0.0
11,33,晕随便你,晕 随便,1.0,0.0
12,35,找我同学去了…,找 同学,1.0,0.0
13,49,你现在用的是哪个号码…万一你生一女儿呢…,现在 号码 你生 女儿,1.0,0.0
14,51,恰啥,恰啥,1.0,0.0
15,52,靠涨停了神了你是听谁说的,涨停 神 听 说,0.0,1.0
16,55,哈哈,,1.0,0.0
17,59,是&lt;#&gt;吗,& lt #& gt,0.0,1.0
18,61,)猫很(诡异,猫 诡异,0.0,1.0
19,64,嘿嘿…,,1.0,0.0
20,65,好的,,1.0,0.0
21,66,啊那岂不是说几十年或者一百年久一个轮回啊,岂 说 几十年 一百年 久 一个 轮回,0.0,1.0
22,71,好的,,1.0,0.0
23,73,有啊,,1.0,0.0
24,74,失约两次了哼,失约 两次,1.0,0.0
25,75,说话真够甜的,说话 真够甜,1.0,0.0
26,76,哦那我买点香蕉之类的吧,买点 香蕉,1.0,0.0
27,78,老公也被困在了衡阳回不来,老公 被困 衡阳 回不来,1.0,0.0
28,81,睡了一下午然后就出去了,睡 下午 出去,1.0,0.0
29,90,中午该好好补觉的～,中午 好好 补觉,1.0,0.0
30,91,普天同庆啊普天同庆,普天同庆 普天同庆,1.0,0.0
31,95,月租&lt;#&gt;包水电网嘛,月租 & lt #& gt 包水 电网,0.0,1.0
32,102,鸡翅,鸡翅,1.0,0.0
33,103,那就不去了,,1.0,0.0
34,104,好吃的,衣服,0.0,1.0
35,105,有电,有电,1.0,0.0
36,117,好…去吧吃好点呵呵,吃 好点,1.0,0.0
37,126,那个小家伙不这么闹了吧,小家伙 闹,1.0,0.0
38,127,刚你给我打电话了,刚 打电话,0.0,1.0
39,130,所以说你反常嘛…,说 反常,1.0,0.0
40,131,干嘛呢,干嘛,1.0,0.0
41,135,李小冰没交因为学生证没有了其他人都交了,李小冰 没交 学生证 没有 其他人 交,1.0,0.0
42,136,么…以后少说记句,以后 少说 记句,1.0,0.0
43,138,我洗澡去了,洗澡,1.0,0.0
44,140,哈哈,,1.0,0.0
45,145,嘻嘻,嘻嘻,1.0,0.0
46,152,居然连我电话都不接,居然 电话 不接,1.0,0.0
47,154,回来,回来,1.0,0.0
48,156,能直接到填存款单就行,直接 填 存款单 就行,1.0,0.0
49,158,唔方便接电话,唔 方便 接电话,1.0,0.0
50,160,靠你丫丫的,丫丫,1.0,0.0
51,161,4、外面下雪了,外面 下雪,1.0,0.0
52,173,姐,姐,1.0,0.0
53,176,快到学校了要帮你带什么不,快到 学校 帮 带,1.0,0.0
54,178,哥啊本来是想问你睡的香不,哥 本来 想 问 睡 香,0.0,1.0
55,185,我还在江汉路这边乘车,江汉路 乘车,1.0,0.0
56,186,对啊,,1.0,0.0
57,188,一米八的床是吧,一米 八 床,0.0,1.0
58,190,那块电池没充电充电器在机房,块 电池 没 充电 充电器 机房,1.0,0.0
59,196,不用管我,不用,1.0,0.0
60,197,我办事你放心,办事 放心,1.0,0.0
61,199,崽,崽,1.0,0.0
62,202,同事的联系方式一个没有只有我那个上级的一个QQ呵呵郁闷,同事 联系方式 一个 没有 上级 一个 QQ 郁闷,1.0,0.0
63,203,哈哈哈,哈哈哈,1.0,0.0
64,204,到了,,1.0,0.0
65,205,我才刚起床,才刚 起床,1.0,0.0
66,209,端午节快乐哦,端午节 快乐,0.0,1.0
67,215,叫雪峰书市,雪峰 书市,1.0,0.0
68,218,我是**,,1.0,0.0
69,220,等我会,我会,1.0,0.0
70,222,我看见你了你看见我了吗,看见 看见,0.0,1.0
71,227,哦…对…没仔细看呵呵,没 仔细,1.0,0.0
72,228,*我走了几天后见,走 几天 后见,1.0,0.0
73,229,不在在寝室你在哪儿,寝室,1.0,0.0
74,231,有想和女生在网上谈天互相了解咩,想 女生 网上 谈天 互相 了解 咩,0.0,1.0
75,233,嗯……,,1.0,0.0
76,238,地瓜电话多少了,地瓜 电话,1.0,0.0
77,245,呵呵,,1.0,0.0
78,246,混蛋,混蛋,1.0,0.0
79,249,OK,OK,1.0,0.0
80,253,到时候联系,到时候 联系,1.0,0.0
81,254,老公先等会,老公 先等会,1.0,0.0
82,257,我也想啊,想,1.0,0.0
83,268,看来住起小别墅了,看来 住 小别墅,1.0,0.0
84,269,一起吧,一起,1.0,0.0
85,270,我们回去了下课了,回去 下课,1.0,0.0
86,275,俺外甥睡觉了吗,外甥 睡觉,0.0,1.0
87,279,呵呵是在档案里哦拿出来了么么,档案 里,1.0,0.0
88,280,谢谢你马哥,谢谢 马哥,1.0,0.0
89,282,M,,1.0,0.0
90,284,干啥呢,干,1.0,0.0
91,285,有新款再发彩信来谢谢,新款 发彩信 谢谢,1.0,0.0
92,288,那你有什么想法,想法,0.0,1.0
93,291,大事我做主就行啦,大事 做主 就行,1.0,0.0
94,292,正在迟…,正在 迟,1.0,0.0
95,299,我刚才拍了视频哈,刚才 拍 视频,1.0,0.0
96,302,那你之前的手机打算怎么办卖不,之前 手机 打算 卖,0.0,1.0
97,308,说他不是人咩…,说 咩,1.0,0.0
98,311,你现在在哪我待会有事情和你夜聊,现在 会 事情 夜聊,1.0,0.0
99,315,学不下,学 不下,1.0,0.0
100,316,北鼻早安又是一個禮拜的開始愛你,北鼻 早安 一個 禮拜 開始 愛,1.0,0.0
101,321,不选举了,选举,0.0,1.0
102,322,今天就有啊随时欢迎喽你来了我逃课也得好生招呼你啥,今天 随时欢迎 逃课 好生 招呼,1.0,0.0
103,329,阿文座机电话多少啊,阿文 座机 电话,1.0,0.0
104,332,在看书呢,看书,1.0,0.0
105,333,我刚去洗澡了你到了没,我刚 洗澡 没,1.0,0.0
106,334,……你是谁啊,,1.0,0.0
107,341,我还没吃呢,没 吃,1.0,0.0
108,344,#,,1.0,0.0
109,345,我们清明放假3天,清明 放假 天,1.0,0.0
110,353,…嗯…嗯…小黄毛…,黄毛,1.0,0.0
111,355,你不会再走了吧,不会 走,0.0,1.0
112,357,你觉得三星的相机和索尼的比哪个好点,觉得 三星 相机 索尼 好点,0.0,1.0
113,361,开玩笑~橙仔一直很矜持的好吧,开玩笑 橙仔 一直 矜持,0.0,1.0
114,362,咋啦咋啦,咋啦 咋啦,1.0,0.0
115,365,嘿嘿,,1.0,0.0
116,366,在家里啊,家里,1.0,0.0
117,370,真幸福～到了就好～她路上都还顺利吧,真幸福 路上 顺利,0.0,1.0
118,373,MUA…,MUA,1.0,0.0
119,375,ok没问题那明天什么活动,ok 没 问题 明天 活动,0.0,1.0
120,376,我老妈叫你回来结婚,老妈 回来 结婚,1.0,0.0
121,377,我刚才在马路上所以没感觉吧,刚才 马路上 没 感觉,1.0,0.0
122,378,我过你学校,我过 学校,1.0,0.0
123,380,我报了普通话和三级啊,我报 普通话 三级,1.0,0.0
124,382,晚上8点影院门口不见不散,晚上 点 影院 门口 不见不散,1.0,0.0
125,383,我看你的说说怎么说心烦什么的,说 说 说 心烦,0.0,1.0
126,388,怎么没见着你人啊,没见,1.0,0.0
127,390,是阿,,1.0,0.0
128,392,我在上课呢不能接电话,上课 不能 接电话,1.0,0.0
129,393,我不去你自己去吧我在家看电视,在家 看电视,1.0,0.0
130,395,所以这次就不去了,,1.0,0.0
131,396,生日快乐,生日快乐,1.0,0.0
132,397,没吃就过来找我们吧,没 吃 过来 找,0.0,1.0
133,399,我有点愁啊难道这次又不是本人,有点 愁 难道,0.0,1.0
134,402,河要哪儿的饭菜和鸡腿,河要 饭菜 鸡腿,1.0,0.0
135,404,好谢了,好谢,1.0,0.0
136,406,你们亲爱的二个,亲爱 二个,1.0,0.0
137,409,我在上网,上网,1.0,0.0
138,410,姐姐在干么啊想你了好久没给你打过电话了小侄女还好么、,姐姐 干 想 好久没 打过 电话 小侄女 还好,0.0,1.0
139,418,我在特步旁边的农行门口,特步 旁边 农行 门口,1.0,0.0
140,420,期待有点过高有点失望…不过还好能接受:-P今天的锻炼任务完成没啊,期待 有点 过高 有点 失望 还好 接受 今天 锻炼 任务 完成 没,0.0,1.0
141,431,还在车上呢,车上,1.0,0.0
142,433,问我啊你怎么说的,问 说,0.0,1.0
143,437,你是…,,1.0,0.0
144,440,休息好点啊,休息 好点,1.0,0.0
145,441,我在上班呢,上班,1.0,0.0
146,444,脑细胞死光了太久没动脑子了,脑细胞 死光 太久 没 动脑子,1.0,0.0
147,451,十一点出发,十一点 出发,1.0,0.0
148,453,哈哈是想过去玩哈子,想 过去 玩哈子,1.0,0.0
149,457,我也不知道……你说呢,知道 说,0.0,1.0
150,460,你刚打我电话了吗,刚 电话,0.0,1.0
151,461,阿姨今天在,阿姨 今天,1.0,0.0
152,462,舍友的柜子啊随手拍的,舍友 柜子 随手 拍,1.0,0.0
153,463,你是不是还没起床啊,是不是 没 起床,1.0,0.0
154,464,只是委屈你了今天带的菜太少了,委屈 今天 带 菜 太少,1.0,0.0
155,466,不会吧,不会,0.0,1.0
156,467,我问问他在说,问问 说,1.0,0.0
157,469,怎么突然谢我,突然 谢,0.0,1.0
158,481,走了我叫你,走,1.0,0.0
159,486,你老妈语气好象不咋好噢,老妈 语气 好象 噢,0.0,1.0
160,487,切~,切,1.0,0.0
161,489,嘻嘻~太感谢你了~你家离寄信的地方远不,嘻嘻 太 感谢 你家 寄信 地方 远,0.0,1.0
162,490,没事,没事,1.0,0.0
163,495,还要一小时吧今天路面滑,小时 今天 路面 滑,1.0,0.0
164,496,我去不了了还有好多作业呢sorry啦～～～,不了 好多 作业 sorry,1.0,0.0
165,501,:-D,,1.0,0.0
166,502,一样…看到西安有受损所以问问你…,看到 西安 受损 问问,1.0,0.0
167,504,我现在认识个女生都难,现在 认识 女生 难,1.0,0.0
168,507,我看起来像坏人吗,看起来 坏人,0.0,1.0
169,512,好你到了我们下去找你、,下去 找,1.0,0.0
170,513,早知叫你做飞机了,早知 做 飞机,1.0,0.0
171,515,我晕………你咋这么倒霉,我晕 倒霉,1.0,0.0
172,516,正式工作啦,正式 工作,1.0,0.0
173,517,我的脚不舒服~真的不能陪我主会儿吗,脚 舒服 真的 不能 陪 我主 会儿,0.0,1.0
174,519,我有看到曼秀雷敦的洗面奶要帮你买不,看到 曼秀雷敦 洗面奶 帮 买,1.0,0.0
175,522,我们要先做饭你吃了再走吗,先 做饭 吃 走,0.0,1.0
176,528,么么,,1.0,0.0
177,530,:-D上个问题我不知道…也许不排斥就能接受了吧,上个 问题 知道 也许 排斥 接受,0.0,1.0
178,532,好就过去,过去,1.0,0.0
179,535,我看看,看看,1.0,0.0
180,538,等下她想七想八的,想七想 八,1.0,0.0
181,539,要点鞭炮了,要点 鞭炮,1.0,0.0
182,544,刚检查完,刚 检查 完,1.0,0.0
183,546,么么…,,1.0,0.0
184,547,于老师你有万能充,老师 万能 充,0.0,1.0
185,548,都读研了还婆婆妈妈的…,读研 婆婆妈妈,1.0,0.0
186,558,你的工资到了吗,工资,1.0,0.0
187,560,这个肯定要提前预定呀,肯定 提前 预定,0.0,1.0
188,564,笨蛋,笨蛋,1.0,0.0
189,565,都快晚上了你的任务还没交给我,快 晚上 任务 没 交给,1.0,0.0
190,568,好了知道了回去了,知道 回去,1.0,0.0
191,572,没啊说的挺好的,没 说 挺,1.0,0.0
192,574,我想先休息了,想 先 休息,0.0,1.0
193,580,你发张照片啊…我好拿给她介绍,发张 照片 拿给 介绍,1.0,0.0
194,586,我在成都,成都,1.0,0.0
195,588,大家好我换号了,换 号,1.0,0.0
196,593,好,,1.0,0.0
197,594,我一会去看她手机…没有的话你死定了,一会 手机 没有 死定了,1.0,0.0
198,595,兔年吉祥,兔年 吉祥,1.0,0.0
199,599,好滴我一会过去,好滴 一会 过去,1.0,0.0
200,600,几点回家啊、,几点 回家,1.0,0.0
201,602,九点九左右,九点 九左右,1.0,0.0
202,603,票没买上,票 没 买,1.0,0.0
203,606,哈哈,,1.0,0.0
204,607,没有,没有,1.0,0.0
205,609,你就把我的号删了吧反正你也不记得我了问那么多干嘛,号 删 反正 记得 问 干嘛,0.0,1.0
206,611,我需要先听下你的意见慎重考虑下以往怎么办的呢,需要 先 听 意见 慎重考虑 以往,0.0,1.0
207,613,么么,,1.0,0.0
208,614,现在在学校啊,现在 学校,1.0,0.0
209,616,你不在我身边,身边,1.0,0.0
210,617,我配不上,配不上,1.0,0.0
211,619,这是救命钱,这是 救命钱,1.0,0.0
212,621,唉,,1.0,0.0
213,628,所以我才去的,,1.0,0.0
214,637,额…就买了一个月的六块钱好吧等我到期了再斟酌斟酌,额 买 一个月 六块钱 到期 斟酌 斟酌,1.0,0.0
215,638,康,康,1.0,0.0
216,640,完了只剩一条了,完 剩 一条,1.0,0.0
217,641,哈哈哥逗你啦,哥逗,1.0,0.0
218,645,好吧就让我们相信奇迹~你明儿几点考,就让 相信 奇迹 明儿 几点 考,0.0,1.0
219,646,**呢,,1.0,0.0
220,649,你现在也没钱冲打你那张卡有是长途加漫游,现在 没 钱 张卡有 长途 加 漫游,1.0,0.0
221,650,明天回…买不到火车票,明天 回 买不到 火车票,1.0,0.0
222,652,不能消停一会吗,生病 好好 在家 休息 忙 工作 工作 永远 忙 完 身体 重要,0.0,1.0
223,656,…不用这么有礼貌…,不用 礼貌,1.0,0.0
224,657,晕你是在变相说我不关心你,晕 变相 说 关心,0.0,1.0
225,667,互相帮助嘛,互相帮助,1.0,0.0
226,668,好的这个很快就能送到京东一天都用不了所以不是非常着急我再查查我弟弟说桌子都留着了,很快 送到 京东 一天 不了 非常 着急 查查 弟弟 说 桌子 留,0.0,1.0
227,677,你的微信号是多少,微 信号,0.0,1.0
228,678,你选地方你选时间,选 地方 选 时间,1.0,0.0
229,679,好的你也休息吧,休息,1.0,0.0
230,680,还很多啊…郁闷…,很多 郁闷,1.0,0.0
231,688,顶多排会队,顶多 排会队,1.0,0.0
232,694,:-|,,1.0,0.0
233,697,你过来啊我在老地方等你啊,过来 老 地方,1.0,0.0
234,699,那不错哦呵呵,不错,1.0,0.0
235,706,放心我守口如瓶,放心 守口如瓶,1.0,0.0
236,713,**华师统招的通知书都早发了分数线没问出来,华师 统招 通知书 早发 分数线 没问,1.0,0.0
237,714,晕宿舍电用光了,晕 宿舍 电 用光,1.0,0.0
238,726,恩看的差不多了～你下的东西很到位嘛不错不错,恩看 差不多 东西 到位 不错 不错,1.0,0.0
239,730,俺有目标好不好,目标 好不好,1.0,0.0
240,734,睡觉了没,睡觉 没,1.0,0.0
241,742,那边天气怎么样这边天气好冷,天气 天气 冷,1.0,0.0
242,743,恩我们坐在二楼等你们你们上车了,恩 坐在 二楼 上车,0.0,1.0
243,752,你们吃吧哈,吃,1.0,0.0
244,753,我给**说了他去火车站了,说 火车站,1.0,0.0
245,756,呵呵~没事搭理搭理,没事 搭理 搭理,1.0,0.0
246,757,哪里有小内衣啊,内衣,1.0,0.0
247,759,最近忙啥,最近 忙,1.0,0.0
248,762,嗯啊你跟她到底怎么了,到底,1.0,0.0
249,764,你在哪里我到站台接你,站台 接,1.0,0.0
250,765,常回学校看看哈,常回 学校 看看,1.0,0.0
251,768,我哥过来了,我哥 过来,1.0,0.0
252,772,这你也信,信,0.0,1.0
253,782,家里来客人了,家里 客人,1.0,0.0
254,784,呵呵,,1.0,0.0
255,786,啊没钱了啊行把你号给我,没 钱 行 号,1.0,0.0
256,787,嘿嘿新年快乐,新年快乐,1.0,0.0
257,805,心想事成,心想事成,1.0,0.0
258,807,老大啊…新年快乐,老大 新年快乐,1.0,0.0
259,812,哥们最近工作干得怎么样啊回去跟你混吧,哥们 最近 工作 干得 回去 混,1.0,0.0
260,820,老公送什么我也喜欢,老公 送 喜欢,1.0,0.0
261,821,真苦逼那不是要到6月份类也不好请假的哦,真苦 逼 月份 类 不好 请假,0.0,1.0
262,822,$&lt;#&gt;的那个房子&lt;#&gt;号才能住可以嘛,$ & lt #& gt 房子 & lt #& gt 号 住,0.0,1.0
263,825,周末很难过,周末 难过,1.0,0.0
264,831,在上课吗,上课,1.0,0.0
265,833,凯瑞,凯瑞,1.0,0.0
266,834,刚活过来…,刚 活过来,1.0,0.0
267,835,我叫***是******班的,班,1.0,0.0
268,836,快递员的电话是&lt;#&gt;我让他先送过去你明天啥时候的火车啊,快递 员 电话 & lt #& gt 先 送 过去 明天 啥时候 火车,0.0,1.0
269,839,那计划竟然自己写了&lt;#&gt;多字了~巧克力味道怎么样,计划 竟然 写 & lt #& gt 多字 巧克力 味道,0.0,1.0
270,843,等会我们下来了再联系你们,会 下来 联系,0.0,1.0
271,845,不要了我买了面包,不要 买 面包,1.0,0.0
272,848,今天你看新闻了吗,上面 小区 相关 报道 一下,0.0,1.0
273,852,在哪教室上课来着,教室 上课,1.0,0.0
274,854,我到啦～;-),,1.0,0.0
275,856,早上没课下午有你在干什么呢,早上 没课 下午 干什么,0.0,1.0
276,860,丫头在忙什么呢给你发短信也不会这么忙么,丫头 忙 发短信 不会 忙,0.0,1.0
277,862,他们没找我吃饭去了,没找 吃饭,1.0,0.0
278,863,呵呵春节快乐,春节快乐,1.0,0.0
279,867,明天晚上八点的车等下先下南雄~你什么时候回来啊,明天 晚上 八点 车 先下 南雄 回来,0.0,1.0
280,869,哥你在家吗,哥 在家,0.0,1.0
281,870,小伊子生日快乐啊,小伊子 生日快乐,1.0,0.0
282,873,弟弟你电脑收到之后开始用了吗,弟弟 电脑 收到 之后,0.0,1.0
283,877,呵呵~,,1.0,0.0
284,878,没有啊晚上应该会下去吧,没有 晚上 应该 会 下去,1.0,0.0
285,879,不行我很记仇的呢~你就不怕我回去欺负你呀,不行 记仇 回去 欺负,0.0,1.0
286,880,别被咬着哦,咬,1.0,0.0
287,884,我才现在发的,现在 发,1.0,0.0
288,888,过年好过年好,过年 过年,1.0,0.0
289,889,好的…再联系,联系,1.0,0.0
290,890,☆,☆,1.0,0.0
291,892,到（某地3）下车然后去哪校区,（ 某地 ） 下车 校区,0.0,1.0
292,896,你这个猪头给你打电话也不接干嘛呢,猪头 打电话 不接 干嘛,0.0,1.0
293,904,赵静的号也停机了郁闷,赵静 号 停机 郁闷,1.0,0.0
294,909,呵呵好的但我今天也说好去蹭顿饭吃的…我去了啊,今天 说好 蹭 顿饭 吃,1.0,0.0
295,910,你呀,,1.0,0.0
296,911,恩刚出发呵呵,恩刚 出发,1.0,0.0
297,919,我煮的味道你还记得吗,煮 味道 记得,0.0,1.0
298,920,嗯睡觉了晚安,睡觉 晚安,1.0,0.0
299,921,我坐的是&lt;#&gt;普快你说的那是&lt;#&gt;空调快车你会什么时候去南昌啊,坐 & lt #& gt 普快 说 & lt #& gt 空调 快车 会 南昌,0.0,1.0
300,924,呜…老公什么时候来,老公,1.0,0.0
301,926,好的,,1.0,0.0
302,930,哈哈不习惯不过觉得蛮好玩的还邹不回了么,习惯 觉得 蛮 好玩 邹不回,0.0,1.0
303,935,没换号码呢呵呵,没换 号码,1.0,0.0
304,937,吉普应该都是绿的吧,吉普 应该 绿,0.0,1.0
305,938,没看书在干嘛呢不要告诉我在看小说呀明天周六没课了吧,没 看书 干嘛 不要 告诉 小说 明天 周六 没课,0.0,1.0
306,939,你现在想我吗,现在 想,1.0,0.0
307,944,我也没钥匙…钥匙被*拿走了…,没 钥匙 钥匙 拿走,1.0,0.0
308,950,我在曲阜,曲阜,1.0,0.0
309,952,***,,1.0,0.0
310,955,同学要排话剧需要有2段话是可以做成一个像书信状的一个页面你会吗,同学 要排 话剧 需要 段话 做成 一个 书信 状 一个 页面 会,0.0,1.0
311,956,呵呵我等着看帅哥哈我们9点半就走,帅哥 点半 走,1.0,0.0
312,959,那谢了,那谢,1.0,0.0
313,962,学校放假了准备去外地旅游旅游哦你们去不,学校 放假 准备 外地 旅游 旅游,0.0,1.0
314,964,六点四十二到,六点 四十二,1.0,0.0
315,965,明天咱有课不,明天 咱有 课,1.0,0.0
316,967,热吗,热,0.0,1.0
317,970,老師媽咪話想買盒月餅比你你要傳統定冰皮,老師媽 咪 話 想 買 盒月餅 傳統定 冰皮,0.0,1.0
318,972,我想去办张卡学校附近有银行吧,想 办 张卡 学校 附近 银行,0.0,1.0
319,975,好的一会见,会见,1.0,0.0
320,980,没辄你上车了么,没辄 上车,1.0,0.0
321,984,明天才回来有什么重要的事吗,明天 回来 重要 事,0.0,1.0
322,985,今天不是很顺利因为碰见个难缠的客户你怎么样,今天 顺利 碰见 难缠 客户,0.0,1.0
323,987,你中午没有带钱吃饭的嘛要不过来我请你吃,中午 没有 带 钱 吃饭 过来 请 吃,0.0,1.0
324,988,估计几点回到,需要 接,0.0,1.0
325,989,这是真的么,这是 真的,0.0,1.0
326,992,上线上了给我信息,上线 信息,1.0,0.0
327,994,所以我就不吃啦,不吃,1.0,0.0
328,996,挺好的,挺,1.0,0.0
329,997,随便啦我又不像你那么挑吃@-@,随便 挑 吃,1.0,0.0
330,1000,不知道你那近不近…,知道 那近 不近,1.0,0.0
331,1001,刚才上厕所洗漱来着,刚才 厕所 洗漱,1.0,0.0
332,1002,你老大嘿嘿,老大,1.0,0.0
333,1004,在家门口没钥匙,家门口 没 钥匙,1.0,0.0
334,1007,吃夜市吃过饭也去吧又不是正餐,吃 夜市 吃过饭 正餐,1.0,0.0
335,1011,听说涛哥明天请吃饭是不是真的,听说 涛哥 明天 请 吃饭 是不是 真的,0.0,1.0
336,1014,晚上给我电话,晚上 电话,1.0,0.0
337,1015,小媛,小媛,1.0,0.0
338,1016,你又发错人了,发错,1.0,0.0
339,1018,好的,,1.0,0.0
340,1028,恩好的我们一起去逛街,恩好 一起 逛街,1.0,0.0
341,1029,不好意思,不好意思,1.0,0.0
342,1030,是啊,,1.0,0.0
343,1032,再说吧我收拾下,收拾,1.0,0.0
344,1034,崽~睡着没~吵醒没~,崽 睡着 没 吵醒 没,1.0,0.0
345,1039,收到…同小媛,收到 同小媛,1.0,0.0
346,1041,工作顺利,工作 顺利,1.0,0.0
347,1042,哎~再说吧~我考虑一下hiahia,考虑一下 hiahia,1.0,0.0
348,1043,讨厌恩你卡上有了,讨厌 恩 卡上,0.0,1.0
349,1047,我还在姥姥家没回去呢,姥姥家 没 回去,1.0,0.0
350,1048,是上研了还是工作了,研了 工作,1.0,0.0
351,1051,我手机会关机等我回来肯定第一时间联络你好吗,手机 会 关机 回来 肯定 第一 时间 联络 你好,0.0,1.0
352,1052,还有的是机会的;-),有的是 机会,1.0,0.0
353,1053,没意见,没 意见,1.0,0.0
354,1058,怎么这么快啊,快,0.0,1.0
355,1059,好的,,1.0,0.0
356,1060,上课去了:-D,上课,1.0,0.0
357,1061,要树上吊啊,树上 吊,1.0,0.0
358,1063,在出货,出货,1.0,0.0
359,1065,你问阿西愿意推一天咩,问 阿西 愿意 推 一天 咩,0.0,1.0
360,1067,:-P哪个都一样…呵呵,,1.0,0.0
361,1068,吓死你,吓死,1.0,0.0
362,1069,你弟给我发短信了,你弟 给我发 短信,1.0,0.0
363,1071,车票是不是要提前十天放票,车票 是不是 提前 十天 放票,0.0,1.0
364,1073,你两带点衣服吧打完球就这边冲个凉水澡,两 带点 衣服 完球 冲个 凉水澡,1.0,0.0
365,1076,好的如果没有的话请回个信息给我我好放心,没有 请 回个 信息 放心,1.0,0.0
366,1080,不说了你睡吧,说 睡,1.0,0.0
367,1090,我把建议书给你送过去看看并去哪找你呢,建议书 送 过去 看看 找,0.0,1.0
368,1091,有我在嘛,,1.0,0.0
369,1096,今天怎么回学校了啊,今天 回 学校,1.0,0.0
370,1097,那也行……谢啦……你起床啦,行 谢 起床,0.0,1.0
371,1107,好的,,1.0,0.0
372,1111,你觉得哪个好看,觉得 好看,0.0,1.0
373,1112,没啥了解下,没 了解,1.0,0.0
374,1114,对了我是**,,1.0,0.0
375,1116,夜里回家路上注意安全,夜里 回家路上 注意安全,1.0,0.0
376,1121,这两天降温多穿点衣服哈,两天 降温 穿点 衣服,1.0,0.0
377,1125,听说横县干旱了是真的吗,听说 横县 干旱 真的,0.0,1.0
378,1126,受打击了,受 打击,0.0,1.0
379,1131,那个白衣服就是裕达那个外套,白 衣服 裕 达 外套,0.0,1.0
380,1136,接电话啊,接电话,1.0,0.0
381,1139,回去,回去,1.0,0.0
382,1149,安琪哈比明天回來你早點回家讀點書準備考試媽咪上,安琪 哈比 明天 回來 早點 回家 讀點 書 準備 考試媽 咪,1.0,0.0
383,1150,找到鸟,找到 鸟,1.0,0.0
384,1154,嗯…你们两吃了没,两吃 没,1.0,0.0
385,1161,上车了,上车,1.0,0.0
386,1162,你好客户&lt;#&gt;B树脂&lt;#&gt;T固化剂和&lt;#&gt;T固化剂各一罐今天是否已帮我寄出,你好 客户 & lt #& gt 树脂 & lt #& gt 固化剂 & lt #& gt 固化剂 一罐 今天 是否 已帮 寄出,0.0,1.0
387,1163,还我命来…,命来,1.0,0.0
388,1164,叫上咱宿舍的,宿舍,1.0,0.0
389,1165,你好·我已经到（某地2）你·觉得我在正门口还是图书馆门口等你呢,你好 已经 （ 某地 ） 觉得 正门口 图书馆 门口,0.0,1.0
390,1166,就最后一次了,最后 一次,1.0,0.0
391,1170,哦呵呵,,1.0,0.0
392,1171,我二十七回去…后几天可能会有事…你学到几号,二十七 回去 几天 可能 会 有事 学到 几号,0.0,1.0
393,1183,等我回来吃饭,回来 吃饭,1.0,0.0
394,1187,跟奶奶在一起了,奶奶 一起,1.0,0.0
395,1193,好的我给*说,说,1.0,0.0
396,1200,我吃了一大包呜呜,吃 大包 呜呜,1.0,0.0
397,1203,我说呢,说,1.0,0.0
398,1204,网上查查有的是,网上 查查 有的是,1.0,0.0
399,1205,要不你明天在家休息一天,明天 在家 休息 一天,1.0,0.0
400,1210,怎么还没到啊我都等半天了蜗牛都没你慢,没到 半天 蜗牛 没 慢,1.0,0.0
401,1211,好的我下班过来找你,下班 过来 找,1.0,0.0
402,1213,我在网上看到你有房子出租我想明天上午去看看想看你方便不,网上 看到 房子 出租 想 明天 上午 看看 想 方便,0.0,1.0
403,1216,有我妹说跟我溜达溜达,我妹 说 溜达 溜达,1.0,0.0
404,1220,噢加入群了,噢 加入 群,1.0,0.0
405,1221,明天要降温多穿点衣服哈,明天 降温 穿点 衣服,1.0,0.0
406,1223,那个酸辣粉在台东有吧,酸辣粉 台东,1.0,0.0
407,1225,我的相机为什么按下去连拍3张,相机 下去 拍 张,0.0,1.0
408,1226,那可以,,1.0,0.0
409,1230,加上我是三个吧,加上 三个,1.0,0.0
410,1232,我想问不过就是前世应该是几百年之前的,想 问 前世 应该 几百年 之前,0.0,1.0
411,1236,哦好的,,1.0,0.0
412,1238,没听见,没 听见,1.0,0.0
413,1243,七点我恨你,七点 恨,1.0,0.0
414,1246,我们十五分钟内到,十五分钟 内到,1.0,0.0
415,1247,走了再见了哈,走 再见,1.0,0.0
416,1252,最近忙着跟阎王巡街没空上网啊…,最近 忙 阎王 巡街 没空 上网,1.0,0.0
417,1254,可惜了,可惜,1.0,0.0
418,1255,郁闷我还没发钱,郁闷 没 发钱,1.0,0.0
419,1256,要是升级了你就帮我买个戒指行吗,升级 帮 买个 戒指 行,0.0,1.0
420,1257,白色还是红色,白色 红色,0.0,1.0
421,1259,明天有什么打算．这两天有没有给家里人打电话阿,明天 打算 ． 两天 有没有 家里人 打电话,0.0,1.0
422,1260,应该有空怎么了,应该 有空,0.0,1.0
423,1262,不好意思啊,不好意思,1.0,0.0
424,1267,呵呵在车上了～,车上,1.0,0.0
425,1268,那礼拜一下午啥课,礼拜一 下午 课,1.0,0.0
426,1270,小仔我记着了晚上我去按你家门铃去,小仔 记着 晚上 你家 门铃,1.0,0.0
427,1273,你这几天什么时候有空我约你出来啊,几天 有空 约,0.0,1.0
428,1274,我看看能不,看看,1.0,0.0
429,1278,是的,,1.0,0.0
430,1281,干嘛呀,干嘛,1.0,0.0
431,1285,怎么没有回复的,拿到 回去 准备 出去 买药 回来 时 一起 说,0.0,1.0
432,1301,好的,,1.0,0.0
433,1313,好的加油,加油,1.0,0.0
434,1316,噢,噢,1.0,0.0
435,1323,睡吧,睡,1.0,0.0
436,1325,你去哪了啊怎么一进来出去后就不见了,进来 出去 不见,1.0,0.0
437,1330,吃饭没,吃饭 没,1.0,0.0
438,1335,我不吃药苦,吃药 苦,1.0,0.0
439,1336,你说话也太绝了吧,说话 太绝,1.0,0.0
440,1337,呵呵没瞅着,没 瞅,1.0,0.0
441,1339,万事大吉,万事大吉,1.0,0.0
442,1341,等等打你电话,电话,1.0,0.0
443,1342,万语尽在不言中,万语 尽在不言中,1.0,0.0
444,1344,缘缘,缘缘,1.0,0.0
445,1345,我到河西了,河西,1.0,0.0
446,1346,哈哈没事的啦,没事,1.0,0.0
447,1349,"你是不是""一不小心""睡着了","是不是 "" 一不小心 "" 睡着",0.0,1.0
448,1357,hello好久不见怎么也不给我发条短信啊,hello 好久不见 给我发 条 短信,1.0,0.0
449,1359,款已汇,款 已汇,1.0,0.0
450,1363,对,,1.0,0.0
451,1365,好男人都灭绝了吧,男人 灭绝,0.0,1.0
452,1369,最近怎样还好吗,好久没 联系 工作 原先,0.0,1.0
453,1370,小子,小子,1.0,0.0
454,1372,马强也要回去搞啊,马强 回去 搞,0.0,1.0
455,1375,你这年暑假有啥打算吗,年 暑假 打算,0.0,1.0
456,1382,知道了我们再想想,知道 想想,1.0,0.0
457,1384,去那等老公吧,老公,1.0,0.0
458,1387,忙什么呢,忙,1.0,0.0
459,1388,看书,看书,1.0,0.0
460,1392,可是那个家伙为什么把我的旧的拿走不给我拿来个新的哪,家伙 旧 拿走 拿来 新,0.0,1.0
461,1396,干什么你,干什么,1.0,0.0
462,1397,被自己喜欢的人喊喊笨蛋傻子的其实心里挺开心的是吧,喜欢 喊 喊 笨蛋 傻子 其实 心里 挺 开心,0.0,1.0
463,1400,恩我知道的,恩 知道,0.0,1.0
464,1401,还好不热坐在办公室都冻死了,还好 不热 坐在 办公室 冻死,1.0,0.0
465,1402,要不打个电话问问,打个 电话 问问,0.0,1.0
466,1403,六一儿童节那天你要带儿子去哪里玩吗、,六一 儿童节 那天 带 儿子 玩,0.0,1.0
467,1404,呵呵恩他那里能上网吗,恩 上网,0.0,1.0
468,1406,大约几点,大约 几点,0.0,1.0
469,1414,我到了你呢,明天 出差 明天 没法 不好意思,0.0,1.0
470,1417,你们吃着这就回来,吃 回来,1.0,0.0
471,1423,米带手机哈啊你猜我干什么去啦,米 带 手机 猜 干什么,0.0,1.0
472,1426,到家了哈,到家,1.0,0.0
473,1432,什么都没说,没 说,1.0,0.0
474,1436,好吧我两还有什么说的直接说就行了哦对了啥时候搬家,两 说 直接 说 就行了 啥时候 搬家,0.0,1.0
475,1438,等你消息,消息,1.0,0.0
476,1440,起码礼拜三啊大姐,起码 礼拜三 大姐,1.0,0.0
477,1443,只有下次了,下次,1.0,0.0
478,1445,说话要算数,说话 算数,1.0,0.0
479,1446,好的,,1.0,0.0
480,1448,你去看看我家有人吗,看看 我家 有人,0.0,1.0
481,1452,你的下载线回来没,下载 线 回来 没,0.0,1.0
482,1453,我在宿舍吃泡面啦不跟你吃饭了哈,宿舍 吃 泡面 吃饭,1.0,0.0
483,1455,累了不今天忙不你给你们人事说不吃饭了吗,累 今天 忙 人事 说 吃饭,0.0,1.0
484,1458,:-&gt;大伙,-& gt 大伙,0.0,1.0
485,1461,你还是想干这一行吗,想 干 一行,0.0,1.0
486,1466,记得送我礼物,记得 送 礼物,1.0,0.0
487,1467,姐姐说一块吃饭问你有空吗,生日快乐,0.0,1.0
488,1469,干啥,干,1.0,0.0
489,1470,谁啊,,1.0,0.0
490,1471,你过来嘛然后跟他解释一下说做项目,过来 解释一下 说 做 项目,1.0,0.0
491,1472,没什么是哈主要是想你了我去烫头发了,没什么 主要 想 烫头发,0.0,1.0
492,1474,好…,,1.0,0.0
493,1478,今天上午我有课中午给你打电话,今天上午 课 中午 打电话,1.0,0.0
494,1484,么么老公…抱抱哈,老公 抱抱,1.0,0.0
495,1485,服务性行业…,服务性 行业,1.0,0.0
496,1492,那会放烟花了,那会放 烟花,1.0,0.0
497,1497,这样啊哎怎么走的这么急你不说还要带人的吗,走 急 说 带人,0.0,1.0
498,1499,那我找谁说啊,找 说,1.0,0.0
499,1507,恭祝月圆汤圆缘梦圆,恭祝 月 圆 汤圆 缘梦圆,1.0,0.0
500,1511,我想你嘞,想 嘞,1.0,0.0
501,1512,挺爽的,挺爽,1.0,0.0
502,1515,你吃饭了没有,吃饭 没有,1.0,0.0
503,1516,毕竟毕业都几年了若不是有同学这条线在牵着谁又去搭理谁,毕竟 毕业 几年 同学 这条线 牵 搭理,0.0,1.0
504,1517,只能说你人品太好了,只能 说 人品 太好了,1.0,0.0
505,1518,呼呼,呼呼,1.0,0.0
506,1521,狗日的智能,狗日 智能,1.0,0.0
507,1523,都不在机房啊,机房,1.0,0.0
508,1530,你妹妹怎么走呢,妹妹 走,0.0,1.0
509,1533,小家伙~有没有感到一点点肚子饿呀,小家伙 有没有 感到 一点点 肚子饿,0.0,1.0
510,1538,你害的我开心的现在很清醒了…净想你去了怎么办,你害 开心 现在 清醒 净想,0.0,1.0
511,1541,现在我也郁闷啊,现在 郁闷,1.0,0.0
512,1542,明天回…买不到火车票…,明天 回 买不到 火车票,1.0,0.0
513,1545,啊发送滞后了嘿嘿～;-),发送 滞后,1.0,0.0
514,1546,我们班现在就剩你一人未报到,班 现在 剩 一人 未报,1.0,0.0
515,1551,明早八点工厂门口等,明早 八点 工厂 门口,1.0,0.0
516,1552,好的,,1.0,0.0
517,1553,就是…这两天我再看看要给也就是这两天,两天 看看 两天,1.0,0.0
518,1557,我后天回来,后天 回来,1.0,0.0
519,1564,你在什么地方啊,地方,1.0,0.0
520,1565,晚上一起吃饭,晚上 一起 吃饭,1.0,0.0
521,1569,行,行,1.0,0.0
522,1571,才那么茫然,茫然,1.0,0.0
523,1575,不是啊你甩了我我就不用心凡了,甩 用心,1.0,0.0
524,1576,恩还有几天了多玩下吧呵呵,恩 几天 玩,1.0,0.0
525,1587,今天有你陪着好开心,今天 陪 好开心,1.0,0.0
526,1592,是Blk&lt;#&gt;吗,Blk & lt #& gt,0.0,1.0
527,1594,到长沙了…,长沙,1.0,0.0
528,1595,怎么不回信息啊,不回 信息,1.0,0.0
529,1598,我这会在我姥家要不出去我就回家了,这会 我姥家 出去 回家,1.0,0.0
530,1599,怎么还没到啊我都等半天了蜗牛都没你慢,没到 半天 蜗牛 没 慢,1.0,0.0
531,1601,now,now,1.0,0.0
532,1604,莎莎明天咱们去酒仙桥逛街呗,莎莎 明天 酒仙桥 逛街,1.0,0.0
533,1605,上车了,上车,1.0,0.0
534,1606,你现在方便把去年申请新加坡的资料发给我吗,现在 方便 去年 申请 新加坡 资料 发给,0.0,1.0
535,1607,王童鞋writethrough和writeback哪一个是cache改变勒以后内存也马上跟着改的,王 童鞋 writethrough writeback 一个 cache 改变 勒 以后 内存 马上 跟着 改,0.0,1.0
536,1608,五个牛舌饼,五个 牛舌饼,1.0,0.0
537,1611,给点意见……,点 意见,1.0,0.0
538,1618,你要红色围巾不快点回,红色 围巾 快点 回,1.0,0.0
539,1619,真不显眼还没开门,真 显眼 没 开门,1.0,0.0
540,1621,好的,,1.0,0.0
541,1624,养身体…:-|,养 身体,1.0,0.0
542,1625,上车了…不习惯了…,上车 习惯,1.0,0.0
543,1628,我跟咱父母在聊天嘛,父母 聊天,1.0,0.0
544,1632,快点,快点,1.0,0.0
545,1633,怎么了啊,,1.0,0.0
546,1637,去开会了开完会后去设计室打扫卫生,开会 开 完 会后 设计室 打扫卫生,1.0,0.0
547,1638,飞机上有吃有喝的饱着呢～哈哈,飞机 有吃有喝 饱,1.0,0.0
548,1639,那就可以了…听话…什么都别想考完再说,听话 别想 考完,1.0,0.0
549,1643,哦呵呵,,1.0,0.0
550,1644,亲爱的你手机没电了,亲爱 手机 没电,0.0,1.0
551,1647,嗨到了广州南站后帮我留意下广州南站回东莞汽车总站的车最晚一趟是什么时间,嗨 广州 南站 帮 留意 广州 南站 回 东莞 汽车 总站 车 最晚 一趟 时间,0.0,1.0
552,1648,到时候再说,到时候,1.0,0.0
553,1656,哪里的童装更物美价廉呢,童装 更 物美价廉,0.0,1.0
554,1657,我也觉得很突然还早呢,觉得 突然 早,0.0,1.0
555,1660,要看电视,看电视,1.0,0.0
556,1665,又不回我…,回,1.0,0.0
557,1666,的债啊现在的人口是增长的你不觉得投不过来嘛,债 现在 人口 增长 觉得 投不 过来,0.0,1.0
558,1669,:-|多谢夸奖～看来我以后得注意点了～得有所保留的相信你了…话说明天什么时候去呀,多谢 夸奖 看来 以后 注意 点 有所 保留 相信 话 说 明天,0.0,1.0
559,1670,好,,1.0,0.0
560,1673,聚哈是挺好的我们寝室都没一起K过歌吧昨天K的挺好,聚哈是 挺 寝室 没 一起 过歌 昨天 挺,1.0,0.0
561,1674,你在家里等着我我马上就到,家里 马上,1.0,0.0
562,1675,今天叔叔到我家来玩了,今天 叔叔 我家 玩,1.0,0.0
563,1680,我感我叹皆枉然,我感 叹 皆 枉然,0.0,1.0
564,1681,我们还要很久才放假哦,很久 放假,1.0,0.0
565,1684,最好定期做补水的面膜,最好 定期 做 补水 面膜,1.0,0.0
566,1692,帅哥啊………,帅哥,1.0,0.0
567,1702,我想你…,想,1.0,0.0
568,1703,等下,,1.0,0.0
569,1704,**来向你报道哈…这是我的号,报道 号,1.0,0.0
570,1711,今天你想吃什么我给你做回来你就好吃了,今天 想 吃 做 回来 好吃,1.0,0.0
571,1712,他还没到长沙吧怎么知道没票打电话问的,没到 长沙 知道 没票 打电话 问,0.0,1.0
572,1715,不是吧这么那啥郁闷呀今天发助学金可怜的我没有呀,郁闷 今天 发 助学金 可怜 没有,1.0,0.0
573,1720,没有啦,没有,1.0,0.0
574,1729,现在下课了我在你们门外瞅了下,现在 下课 门外 瞅,1.0,0.0
575,1730,哥哥怎么了生病了吗,哥哥 生病,0.0,1.0
576,1732,九点左右吧,九点 左右,1.0,0.0
577,1733,你好你是琳的同学吧认识她吗,你好 琳 同学 认识,0.0,1.0
578,1739,还没有在打牌,没有 打牌,1.0,0.0
579,1741,换号了啊,换 号,1.0,0.0
580,1743,在哪,,1.0,0.0
581,1744,我要用,我要,1.0,0.0
582,1748,我想多说会话我错了吗,想 说 会 话 错,0.0,1.0
583,1751,你在家做什么呢,在家 做,1.0,0.0
584,1752,刘总,刘总,1.0,0.0
585,1753,好,,1.0,0.0
586,1754,老公也是哈,老公,1.0,0.0
587,1759,呵呵你们关门了没,关门 没,1.0,0.0
588,1760,哥已回,哥 回,1.0,0.0
589,1762,呵呵自觉的说啊还要我问,自觉 说 问,0.0,1.0
590,1763,二来我欠她们几个,欠 几个,1.0,0.0
591,1765,哈哈,,1.0,0.0
592,1766,就一个月了啊我家那楼换暖气管道呢没法住人在我奶家待着呢,一个月 我家 那楼 换 暖气 管道 没法 住 奶家待,1.0,0.0
593,1767,呜呜你个小坏蛋,呜呜 坏蛋,1.0,0.0
594,1770,那确实~,确实,1.0,0.0
595,1771,哦,,1.0,0.0
596,1775,过年好啊,过年,1.0,0.0
597,1776,＝＝好的呗那你饿不啦,＝ ＝ 饿,0.0,1.0
598,1778,没想我啊,没想,1.0,0.0
599,1779,呵呵本来就是给你准备的,本来 准备,1.0,0.0
600,1780,恩你真熟呵呵我还没去那剪过,恩 真熟 没 剪过,1.0,0.0
601,1784,好,,1.0,0.0
602,1787,嘿嘿达令知道你最近比较忙有个事儿你看看能帮忙不,达令 知道 最近 比较忙 有个 事儿 看看 帮忙,0.0,1.0
603,1788,嘻嘻今晚月亮好圆好亮啊,嘻嘻 今晚 月亮 好圆 好亮,1.0,0.0
604,1789,下来吧,下来,1.0,0.0
605,1792,今天学了下打羽毛球人说发球时拍子不能高于腰怎么我记得你在胸前发的我照着做的******她们也还在,今天 学 羽毛球 说 发球 时 拍子 不能 高于 腰 记得 胸前 发 做,0.0,1.0
606,1794,TheGreenHornet3d&lt;DECIMAL&gt;pm,TheGreenHornet3d & lt DECIMAL & gt pm,0.0,1.0
607,1797,我是万刚,万刚,1.0,0.0
608,1802,说呀,说,1.0,0.0
609,1803,………没我不行啊,没 不行,1.0,0.0
610,1804,我只看结果的,,1.0,0.0
611,1806,泡茶嘛,泡茶,1.0,0.0
612,1809,:-*;-),,1.0,0.0
613,1810,……你是谁啊…,,1.0,0.0
614,1811,三十左右吧～大概会有没报名就去的吧～你有空就来呗～你明天回家哈,三十左右 大概 会 没 报名 有空 明天 回家,0.0,1.0
615,1812,回去的日子遥遥无期啊…:-(呜呜～,回去 日子 遥遥无期 呜呜,1.0,0.0
616,1813,天天吐,天天 吐,1.0,0.0
617,1824,我忘带课本了呵呵,忘带 课本,1.0,0.0
618,1826,你这么晚回家你老婆不抽你呢,这么晚 回家 老婆 抽,0.0,1.0
619,1827,还有你可以问一下你的朋友要不要去,问 一下 朋友 不要,0.0,1.0
620,1828,吃不下老公去吃饭吧么么,吃不下 老公 吃饭,1.0,0.0
621,1829,那我们去哪家电影院看呢,百联里 一家 电影院 好像 顶层 看看,0.0,1.0
622,1832,我准备考个在职研究生你说这个容易不,准备考 在职 研究生 说 容易,0.0,1.0
623,1834,上班累,上班 累,1.0,0.0
624,1836,咋滴咧没事干了啊弄短信群发,滴 没事干 弄短 信群发,1.0,0.0
625,1840,啥,,1.0,0.0
626,1842,啥都没干偶尔看下文章搞点学习,没干 偶尔 文章 搞点 学习,1.0,0.0
627,1851,我电脑坏了黑屏了怎么回事啊,电脑 坏 黑屏 怎么回事,0.0,1.0
628,1854,…我都在吃有机会给你在煮,吃 机会 煮,1.0,0.0
629,1857,别离开我啊,离开,1.0,0.0
630,1859,老师你在寝室没我把我做的毕业设计发给你看看啊,老师 寝室 没 做 毕业设计 发给你 看看,1.0,0.0
631,1863,BYE~,BYE,1.0,0.0
632,1864,**师姐你确定加的一章是简要介绍下二调过程,师姐 确定 加 一章 简要 介绍 下二调 过程,0.0,1.0
633,1867,嘿嘿没有啦,没有,1.0,0.0
634,1868,唉,,1.0,0.0
635,1869,小懒猪,懒猪,1.0,0.0
636,1870,靠我网络故障上不去…又讨厌短信啊,网络故障 讨厌 短信,1.0,0.0
637,1872,去一中问有个专管毕业生事情的老师,一中 问有 专管 毕业生 事情 老师,1.0,0.0
638,1878,乖,乖,1.0,0.0
639,1879,么么…,,1.0,0.0
640,1881,你多穿点,穿点,1.0,0.0
641,1883,宝宝的咳嗽还没有好要不要我带他到第一人民医院看,宝宝 咳嗽 没有 好要 不要 带 第一 人民 医院,0.0,1.0
642,1884,周末我们一起去逛街,周末 一起 逛街,1.0,0.0
643,1885,想念你,想念,1.0,0.0
644,1887,等下发,下发,1.0,0.0
645,1888,"""","""",0.0,1.0
646,1894,OKthxalot~,OKthxalot,1.0,0.0
647,1897,啊…我还在睡,睡,1.0,0.0
648,1902,我晓得了那就等你电话喽,晓得 电话,1.0,0.0
649,1903,多穿点哈,穿点,1.0,0.0
650,1905,好,,1.0,0.0
651,1909,好啊就赌小狗,赌 小狗,1.0,0.0
652,1910,咋啦,咋啦,1.0,0.0
653,1911,有怎么了,,1.0,0.0
654,1913,没事又来了,没事,1.0,0.0
655,1916,我想成明天了…我现在和我亲戚在外面那个点赶不回来学姐能请假吗,我想成 明天 现在 亲戚 外面 点 赶不回来 学姐 请假,0.0,1.0
656,1919,你走了你的奖金工资什么的会结清吗,走 奖金 工资 会 结清,0.0,1.0
657,1923,么…等下课在回,下课 回,1.0,0.0
658,1924,明天去哪跑路,明天 跑 路,0.0,1.0
659,1928,来可以别想八卦啊…B-),别想 八卦,1.0,0.0
660,1929,你好惨,你好 惨,1.0,0.0
661,1931,在挡一杯,挡 一杯,1.0,0.0
662,1936,之后还做这个吗,之后 做,0.0,1.0
663,1938,我快到家了晚上吃什么,快 家 晚上 吃,0.0,1.0
664,1939,想你了大帅哥,想 帅哥,1.0,0.0
665,1940,水多喝,水多 喝,1.0,0.0
666,1942,直接进来啥,直接 进来,1.0,0.0
667,1943,有个鬼啊我们又没点广告…,有个 鬼 没点 广告,1.0,0.0
668,1946,我明天没时间,明天 没 时间,1.0,0.0
669,1947,什么时候来找我玩玩嘛,找 玩玩,1.0,0.0
670,1950,十二点多吧,十二点,1.0,0.0
671,1951,没地赚钱去,没地 赚钱,1.0,0.0
672,1962,同时也祝愿你新年快乐事业有成,祝愿 新年快乐 事业有成,1.0,0.0
673,1967,呵呵,,1.0,0.0
674,1969,那可以写出来啊,写,1.0,0.0
675,1971,好的,,1.0,0.0
676,1972,我们去广八路那边要不你过来,广 八路 过来,1.0,0.0
677,1977,哥啊要是你不讲我就睡不着了~嫂子叫什么啊,哥 讲 睡不着 嫂子,0.0,1.0
678,1980,神经,神经,1.0,0.0
679,1985,明天上什么课啊,明天 课,1.0,0.0
680,1988,嘿嘿今天的你怪怪的么~~~,今天 怪怪的,1.0,0.0
681,1989,我好去接你,接,1.0,0.0
682,1992,你好啊,你好,1.0,0.0
683,1993,切记,切记,1.0,0.0
684,1999,今天我很悠闲到我家来下盘棋怎么样,得知 今天 生日 代表 兰州 人民 发来 贺电 送 真诚 美好 生日 祝福 祝 生日快乐,0.0,1.0
